{"train/rewards/xmlcount_reward_func":-0.03080078214406967,"train/reward":0.04732421413064003,"train/kl":9.489059448242188e-05,"train/rewards/correctness_reward_func":0.0546875,"train/completion_length":231.54296875,"train/rewards/soft_format_reward_func":0,"train/rewards/strict_format_reward_func":0,"train/epoch":0.0042780748663101605,"_runtime":127.782272036,"_step":0,"_timestamp":1.7381210284936707e+09,"_wandb":{"runtime":165},"train/learning_rate":2.0833333333333333e-07,"train/reward_std":0.20604394748806953,"train/loss":0,"train/rewards/int_reward_func":0.0234375,"train/global_step":1,"train/grad_norm":0.5011054842741879}