{"_step":38,"_runtime":1880.151342693,"train/reward_std":0.7118472307920456,"_timestamp":1.7381134574855301e+09,"train/loss":0.0019,"train/reward":1.3475364844004314,"train/rewards/strict_format_reward_func":0,"train/rewards/int_reward_func":0.4340277910232544,"train/kl":0.046793619791666664,"_wandb":{"runtime":1887},"train/global_step":39,"train/completion_length":98.06597518920898,"train/epoch":0.25026737967914436,"train/rewards/xmlcount_reward_func":0.2225364608069261,"train/rewards/soft_format_reward_func":0,"train/learning_rate":8.297872340425532e-07,"train/rewards/correctness_reward_func":0.6909722338120142,"train/grad_norm":1.3179013036258098}