{"train/rewards/xmlcount_reward_func":0.06392882205545902,"train/reward":0.4276441087325414,"_runtime":138.717749288,"_step":1,"_wandb":{"runtime":167},"train/reward_std":0.5554443299770355,"train/global_step":2,"train/rewards/int_reward_func":0.13454861690600714,"train/rewards/correctness_reward_func":0.22916667411724725,"train/grad_norm":3.718392843069264,"train/loss":0,"train/learning_rate":4.25531914893617e-08,"train/rewards/soft_format_reward_func":0,"_timestamp":1.7381136295373144e+09,"train/kl":0,"train/epoch":0.012834224598930482,"train/completion_length":135.33160146077475,"train/rewards/strict_format_reward_func":0}